bit_position,counter_epochs_to_detect,chaos_divergence_steps,chaos_divergence_time_sec,chaos_lyapunov_timescales,key_differs
0,0,5092,50.920000,75.400457,1
1,0,4405,44.050000,65.227614,1
2,0,4053,40.530000,60.015328,1
3,0,4053,40.530000,60.015328,1
4,0,4053,40.530000,60.015328,1
5,0,4053,40.530000,60.015328,1
6,0,3345,33.450000,49.531526,1
7,0,3345,33.450000,49.531526,1
8,0,3345,33.450000,49.531526,1
9,0,3345,33.450000,49.531526,1
10,0,3345,33.450000,49.531526,1
11,0,2986,29.860000,44.215586,1
12,0,2986,29.860000,44.215586,1
13,0,2986,29.860000,44.215586,1
14,0,2282,22.820000,33.791014,1
15,0,1607,16.070000,23.795863,1
16,0,1607,16.070000,23.795863,1
17,0,1289,12.890000,19.087036,1
18,0,1289,12.890000,19.087036,1
19,0,1077,10.770000,15.947819,1
20,0,1077,10.770000,15.947819,1
21,0,1077,10.770000,15.947819,1
22,0,1077,10.770000,15.947819,1
23,0,939,9.390000,13.904365,1
24,0,822,8.220000,12.171873,1
25,0,789,7.890000,11.683221,1
26,0,375,3.750000,5.552862,1
27,0,478,4.780000,7.078048,1
28,0,477,4.770000,7.063240,1
29,0,476,4.760000,7.048432,1
30,0,479,4.790000,7.092855,1
31,0,24,0.240000,0.355383,1
32,0,1,0.010000,0.014808,1
33,0,1,0.010000,0.014808,1
34,0,1,0.010000,0.014808,1
35,0,1,0.010000,0.014808,1
36,0,1,0.010000,0.014808,1
37,0,1,0.010000,0.014808,1
38,0,1,0.010000,0.014808,1
39,0,1,0.010000,0.014808,1
40,0,1,0.010000,0.014808,1
41,0,1,0.010000,0.014808,1
42,0,1,0.010000,0.014808,1
43,0,1,0.010000,0.014808,1
44,0,1,0.010000,0.014808,1
45,0,1,0.010000,0.014808,1
46,0,1,0.010000,0.014808,1
47,0,1,0.010000,0.014808,1
48,0,1,0.010000,0.014808,1
49,0,1,0.010000,0.014808,1
50,0,1,0.010000,0.014808,1
51,0,1,0.010000,0.014808,1
52,0,1,0.010000,0.014808,1
53,0,1,0.010000,0.014808,1
54,0,1,0.010000,0.014808,1
55,0,1,0.010000,0.014808,1
56,0,1,0.010000,0.014808,1
57,0,1,0.010000,0.014808,1
58,0,1,0.010000,0.014808,1
59,0,1,0.010000,0.014808,1
60,0,1,0.010000,0.014808,1
61,0,1,0.010000,0.014808,1
62,0,1,0.010000,0.014808,1
63,0,1,0.010000,0.014808,1
64,0,5092,50.920000,75.400457,1
65,0,4405,44.050000,65.227614,1
66,0,4053,40.530000,60.015328,1
67,0,4053,40.530000,60.015328,1
68,0,4053,40.530000,60.015328,1
69,0,4053,40.530000,60.015328,1
70,0,3345,33.450000,49.531526,1
71,0,3345,33.450000,49.531526,1
72,0,3345,33.450000,49.531526,1
73,0,3345,33.450000,49.531526,1
74,0,3345,33.450000,49.531526,1
75,0,2986,29.860000,44.215586,1
76,0,2986,29.860000,44.215586,1
77,0,2986,29.860000,44.215586,1
78,0,2282,22.820000,33.791014,1
79,0,1607,16.070000,23.795863,1
80,0,1607,16.070000,23.795863,1
81,0,1289,12.890000,19.087036,1
82,0,1289,12.890000,19.087036,1
83,0,1077,10.770000,15.947819,1
84,0,1077,10.770000,15.947819,1
85,0,1077,10.770000,15.947819,1
86,0,1077,10.770000,15.947819,1
87,0,939,9.390000,13.904365,1
88,0,822,8.220000,12.171873,1
89,0,789,7.890000,11.683221,1
90,0,375,3.750000,5.552862,1
91,0,478,4.780000,7.078048,1
92,0,477,4.770000,7.063240,1
93,0,476,4.760000,7.048432,1
94,0,479,4.790000,7.092855,1
95,0,24,0.240000,0.355383,1
96,0,1,0.010000,0.014808,1
97,0,1,0.010000,0.014808,1
98,0,1,0.010000,0.014808,1
99,0,1,0.010000,0.014808,1
100,0,1,0.010000,0.014808,1
101,0,1,0.010000,0.014808,1
102,0,1,0.010000,0.014808,1
103,0,1,0.010000,0.014808,1
104,0,1,0.010000,0.014808,1
105,0,1,0.010000,0.014808,1
106,0,1,0.010000,0.014808,1
107,0,1,0.010000,0.014808,1
108,0,1,0.010000,0.014808,1
109,0,1,0.010000,0.014808,1
110,0,1,0.010000,0.014808,1
111,0,1,0.010000,0.014808,1
112,0,1,0.010000,0.014808,1
113,0,1,0.010000,0.014808,1
114,0,1,0.010000,0.014808,1
115,0,1,0.010000,0.014808,1
116,0,1,0.010000,0.014808,1
117,0,1,0.010000,0.014808,1
118,0,1,0.010000,0.014808,1
119,0,1,0.010000,0.014808,1
120,0,1,0.010000,0.014808,1
121,0,1,0.010000,0.014808,1
122,0,1,0.010000,0.014808,1
123,0,1,0.010000,0.014808,1
124,0,1,0.010000,0.014808,1
125,0,1,0.010000,0.014808,1
126,0,1,0.010000,0.014808,1
127,0,1,0.010000,0.014808,1
128,0,5092,50.920000,75.400457,1
129,0,4405,44.050000,65.227614,1
130,0,4053,40.530000,60.015328,1
131,0,4053,40.530000,60.015328,1
132,0,4053,40.530000,60.015328,1
133,0,4053,40.530000,60.015328,1
134,0,3345,33.450000,49.531526,1
135,0,3345,33.450000,49.531526,1
136,0,3345,33.450000,49.531526,1
137,0,3345,33.450000,49.531526,1
138,0,3345,33.450000,49.531526,1
139,0,2986,29.860000,44.215586,1
140,0,2986,29.860000,44.215586,1
141,0,2986,29.860000,44.215586,1
142,0,2282,22.820000,33.791014,1
143,0,1607,16.070000,23.795863,1
144,0,1607,16.070000,23.795863,1
145,0,1289,12.890000,19.087036,1
146,0,1289,12.890000,19.087036,1
147,0,1077,10.770000,15.947819,1
148,0,1077,10.770000,15.947819,1
149,0,1077,10.770000,15.947819,1
150,0,1077,10.770000,15.947819,1
151,0,939,9.390000,13.904365,1
152,0,822,8.220000,12.171873,1
153,0,789,7.890000,11.683221,1
154,0,375,3.750000,5.552862,1
155,0,478,4.780000,7.078048,1
156,0,477,4.770000,7.063240,1
157,0,476,4.760000,7.048432,1
158,0,479,4.790000,7.092855,1
159,0,24,0.240000,0.355383,1
160,0,1,0.010000,0.014808,1
161,0,1,0.010000,0.014808,1
162,0,1,0.010000,0.014808,1
163,0,1,0.010000,0.014808,1
164,0,1,0.010000,0.014808,1
165,0,1,0.010000,0.014808,1
166,0,1,0.010000,0.014808,1
167,0,1,0.010000,0.014808,1
168,0,1,0.010000,0.014808,1
169,0,1,0.010000,0.014808,1
170,0,1,0.010000,0.014808,1
171,0,1,0.010000,0.014808,1
172,0,1,0.010000,0.014808,1
173,0,1,0.010000,0.014808,1
174,0,1,0.010000,0.014808,1
175,0,1,0.010000,0.014808,1
176,0,1,0.010000,0.014808,1
177,0,1,0.010000,0.014808,1
178,0,1,0.010000,0.014808,1
179,0,1,0.010000,0.014808,1
180,0,1,0.010000,0.014808,1
181,0,1,0.010000,0.014808,1
182,0,1,0.010000,0.014808,1
183,0,1,0.010000,0.014808,1
184,0,1,0.010000,0.014808,1
185,0,1,0.010000,0.014808,1
186,0,1,0.010000,0.014808,1
187,0,1,0.010000,0.014808,1
188,0,1,0.010000,0.014808,1
189,0,1,0.010000,0.014808,1
190,0,1,0.010000,0.014808,1
191,0,1,0.010000,0.014808,1
192,0,5092,50.920000,75.400457,1
193,0,4405,44.050000,65.227614,1
194,0,4053,40.530000,60.015328,1
195,0,4053,40.530000,60.015328,1
196,0,4053,40.530000,60.015328,1
197,0,4053,40.530000,60.015328,1
198,0,3345,33.450000,49.531526,1
199,0,3345,33.450000,49.531526,1
200,0,3345,33.450000,49.531526,1
201,0,3345,33.450000,49.531526,1
202,0,3345,33.450000,49.531526,1
203,0,2986,29.860000,44.215586,1
204,0,2986,29.860000,44.215586,1
205,0,2986,29.860000,44.215586,1
206,0,2282,22.820000,33.791014,1
207,0,1607,16.070000,23.795863,1
208,0,1607,16.070000,23.795863,1
209,0,1289,12.890000,19.087036,1
210,0,1289,12.890000,19.087036,1
211,0,1077,10.770000,15.947819,1
212,0,1077,10.770000,15.947819,1
213,0,1077,10.770000,15.947819,1
214,0,1077,10.770000,15.947819,1
215,0,939,9.390000,13.904365,1
216,0,822,8.220000,12.171873,1
217,0,789,7.890000,11.683221,1
218,0,375,3.750000,5.552862,1
219,0,478,4.780000,7.078048,1
220,0,477,4.770000,7.063240,1
221,0,476,4.760000,7.048432,1
222,0,479,4.790000,7.092855,1
223,0,24,0.240000,0.355383,1
224,0,1,0.010000,0.014808,1
225,0,1,0.010000,0.014808,1
226,0,1,0.010000,0.014808,1
227,0,1,0.010000,0.014808,1
228,0,1,0.010000,0.014808,1
229,0,1,0.010000,0.014808,1
230,0,1,0.010000,0.014808,1
231,0,1,0.010000,0.014808,1
232,0,1,0.010000,0.014808,1
233,0,1,0.010000,0.014808,1
234,0,1,0.010000,0.014808,1
235,0,1,0.010000,0.014808,1
236,0,1,0.010000,0.014808,1
237,0,1,0.010000,0.014808,1
238,0,1,0.010000,0.014808,1
239,0,1,0.010000,0.014808,1
240,0,1,0.010000,0.014808,1
241,0,1,0.010000,0.014808,1
242,0,1,0.010000,0.014808,1
243,0,1,0.010000,0.014808,1
244,0,1,0.010000,0.014808,1
245,0,1,0.010000,0.014808,1
246,0,1,0.010000,0.014808,1
247,0,1,0.010000,0.014808,1
248,0,1,0.010000,0.014808,1
249,0,1,0.010000,0.014808,1
250,0,1,0.010000,0.014808,1
251,0,1,0.010000,0.014808,1
252,0,1,0.010000,0.014808,1
253,0,1,0.010000,0.014808,1
254,0,1,0.010000,0.014808,1
255,0,1,0.010000,0.014808,1
