sample,lambda_1,lambda_2,lambda_3,KS
1,0.3486583880148828,0.023543722927570343,0.7939245053566992,1.1661266162991524
2,0.4310344697441906,0.00868627242743969,0.7106789860408753,1.1503997282125056
3,0.4055632050149143,0.024825511034578085,0.636818771250546,1.0672074873000383
4,0.3780317334458232,0.01716217608191073,1.4841267752926797,1.8793206848204136
5,0.3985015694051981,0.016373580554500222,0.6345317999366671,1.0494069498963654
6,0.3959377696737647,0.015110574197024107,0.622947697294876,1.0339960411656648
7,0.3731747893616557,0.021871204487979412,1.0437683875206858,1.438814381370321
8,0.40224308357574046,0.013972975546494126,0.6713053237181157,1.0875213828403503
9,0.3898182266857475,0.01698021893389523,0.5953237905632704,1.0021222361829132
10,0.4183905541431159,0.018380994675680995,1.1369466891046613,1.5737182379234582
11,0.37435593525879085,0.013127227313816547,1.2731421126518399,1.6606252752244473
12,0.39920255169272423,0.02809991082176566,0.938695503398776,1.365997965913266
13,0.3954502351116389,0.027619153959676623,0.713505562627688,1.1365749516990036
14,0.39320503966882825,0.029608030570670962,0.6050307385157794,1.0278438087552786
15,0.40090438700281084,0.02400737931020558,1.1640671915374696,1.588978957850486
16,0.3904709352646023,0.0164687258657068,0.6866587805561721,1.0935984416864812
17,0.407590240938589,0.010333365062251687,0.6554046396631747,1.0733282456640154
18,0.3413237305358052,0.03679069527424872,0.6751464086119086,1.0532608344219625
19,0.39881887938827276,0.015807111747562885,0.7020944615360349,1.1167204526718706
20,0.36711491853930056,0.010670020477846265,0.8044336205348372,1.182218559551984
21,0.3830649582669139,0.0304427077062428,0.6900369361974299,1.1035446021705866
22,0.39236879209056497,0.016290606930851936,0.4950795602053404,0.9037389592267573
23,0.36872221482917666,0.02227535773999989,0.7246765210293233,1.1156740935985
24,0.38361479295417666,0.009245624532923102,0.6366067067719996,1.0294671242590994
25,0.3917247534263879,0.02882013120688498,0.7331643013749272,1.1537091860082
26,0.39695385354571044,0.022316095884889364,1.0634322946425527,1.4827022440731525
27,0.36591212055645883,0.007311491295695305,1.3084789048880339,1.681702516740188
28,0.37738821073435247,0.018691981211304665,0.6098242069128901,1.0059043988585472
29,0.3861576074268669,0.031245129881426692,0.6495005574543029,1.0669032947625965
30,0.41620839200913906,0.02035503159277141,0.8031901526264846,1.239753576228395
31,0.38233227492310107,0.023931574309244752,0.6807047668844461,1.086968616116792
32,0.3903276880737394,0.014953115489333868,0.5595317338593304,0.9648125374224037
33,0.39457119605503976,0.013551442418247461,0.8748322061728686,1.2829548446461558
34,0.38608772517181933,0.019530399702489376,0.7173118982464075,1.1229300231207162
35,0.4088834086433053,0.0050348700024187565,0.8254576665349305,1.2393759451806545
36,0.39336023572832346,0.019947267370298505,0.8942734927404672,1.3075809958390892
37,0.37610463169403374,0.025119583355262876,0.5921973444055766,0.9934215594548732
38,0.40423118439503014,0.013422155752778053,0.6916546248830855,1.1093079650308937
39,0.39878462301567197,0.01219714293256402,0.742430335143581,1.153412101091817
40,0.4287985584232956,0.01667536492459476,0.6471879919990897,1.09266191534698
41,0.38839404401369393,0.01692824438214302,0.7443867162801325,1.1497090046759695
42,0.3975511104799807,0.01668910006992519,0.7831218843348324,1.1973620948847383
43,0.3876695323269814,0.010028102668002248,1.1467738875653595,1.5444715225603431
44,0.3846114482730627,0.024115954525768757,0.620344502851367,1.0290719056501985
45,0.3804862261749804,0.01807313715107739,1.2218011957593262,1.620360559085384
46,0.38003329327329993,0.004002466797828674,1.4545928947627544,1.838628654833883
47,0.3926469082944095,0.02283216337673366,0.7476908622775227,1.1631699339486659
48,0.4104967506136745,0.019489523954689503,0.889171211514622,1.319157486082986
49,0.40203147660940886,0.005066607613116503,0.7620189802255481,1.1691170644480735
50,0.4285821986850351,0.018374028615653515,0.7245684445369989,1.1715246718376875
51,0.38049569888971746,0.007044113706797361,0.5282899357844144,0.9158297483809292
52,0.3563643938396126,0.040998902870342135,0.6546363905072212,1.051999687217176
53,0.39059135410934687,0.01120273768901825,0.852859360165894,1.2546534519642591
54,0.3898910232819617,0.022534907096996903,0.6359750230330974,1.048400953412056
55,0.3700705165974796,0.022257078206166625,1.0233744329307228,1.415702027734369
56,0.35265265917405486,0.01243638782761991,0.7102455087006092,1.075334555702284
57,0.39181472710333765,0.003376990556716919,0.7472709217108786,1.1424626393709332
58,0.4028508292976767,0.0064582370687276125,1.0973378089256585,1.5066468752920628
59,0.3621603783685714,0.017631717026233673,0.8798353774473071,1.2596274728421122
60,0.4059397359378636,0.032689034938812256,0.5800393556710333,1.018668126547709
61,0.38463267614133656,0.02373140794225037,1.0310315054375678,1.4393955895211548
62,0.4118531171698123,0.020238501019775867,0.9821699245367199,1.414261542726308
63,0.38816152955405414,0.019116264767944813,1.0113488868810236,1.4186266812030226
64,0.40034201252274215,0.019785897340625525,0.8210143044125289,1.2411422142758965
65,0.37345977034419775,0.01475496357306838,0.582783599384129,0.9709983333013952
66,0.3922419520094991,0.009072440210729837,1.291956260567531,1.69327065278776
67,0.38381833280436695,0.01846795529127121,1.1369099663570523,1.5391962544526905
68,0.4081353594083339,0.004481085576117039,1.0631134018767625,1.4757298468612134
69,0.38316930923610926,0.041835717856884,1.005622596014291,1.4306276231072843
70,0.386318689212203,0.016792725771665573,0.8050906357821077,1.2082020507659763
71,0.4095792076550424,0.012913854792714119,1.2754050951916724,1.697898157639429
72,0.4026337426621467,0.007941260933876038,0.6339104757644236,1.0444854793604463
73,0.4051761203445494,0.008922225097194314,0.6632074841763824,1.0773058296181262
74,0.3669861110392958,0.01848943531513214,1.2595360975246876,1.6450116438791156
75,0.40350031154230237,0.009380307281389832,0.6330755413509905,1.0459561601746827
76,0.3828427498228848,0.014128424692898989,1.3534239816945046,1.7503951562102884
77,0.3790695301722735,0.029935600236058235,0.7676676132250577,1.1766727436333895
78,0.35921158269047737,0.0065043773502111435,1.3550283533986658,1.7207443134393543
79,0.4030607156455517,0.020778573118150234,0.5241997062694281,0.94803899503313
80,0.4130062717013061,0.01560308993794024,0.6458434530068189,1.0744528146460652
81,0.3957298274617642,0.016292510321363807,0.608536280458793,1.020558618241921
82,0.40335668297484517,0.01669934717938304,0.5883636674843729,1.008419697638601
83,0.40134590794332325,0.020508531481027603,0.8157674956601113,1.2376219350844622
84,0.37479538074694574,0.025036028353497386,1.043966966914013,1.4437983760144562
85,0.39366361661814153,0.003973850980401039,1.1058341523166746,1.5034716199152172
86,0.4072134734597057,0.013400169089436531,0.7986838547512889,1.2192974973004311
87,0.35236555337905884,0.043828769121319056,0.6260918469633907,1.0222861694637686
88,0.35946190264075994,0.016113952500745654,0.6712903925217688,1.0468662476632744
89,0.4212943690363318,0.012884338852018118,0.6461143910419196,1.0802930989302695
90,0.4000470128376037,0.010798971867188811,0.8212763951160014,1.2321223798207939
91,0.396138510433957,0.01582768722437322,0.8291802580934018,1.241146455751732
92,0.40941007412038743,0.015909946989268064,0.5200400969479233,0.9453601180575788
93,0.39932071580551565,0.01844011014327407,1.2030749982222915,1.6208358241710812
94,0.3865052657201886,0.0119629199616611,0.9589487679768354,1.357416953658685
95,0.4095273546408862,0.0065564848482608795,0.7509404707234353,1.1670243102125823
96,0.4068110273219645,0.03240465302951634,0.9756930246949196,1.4149087050464004
97,0.3959540631622076,0.023950847098603845,0.9963202713988721,1.4162251816596836
98,0.3770184388849884,0.02616194565780461,0.6544506254140288,1.0576310099568218
99,0.4092276720330119,0.015641421312466264,0.6586992044467479,1.083568297792226
100,0.37338872137479484,0.013950212160125375,1.0200722531881183,1.4074111867230386
